USE test;

CREATE TABLE users(
    user_id BIGINT NOT NULL AUTO_INCREMENT PRIMARY KEY,
    firstname VARCHAR(15) NOT NULL,
    lastname VARCHAR(15) NOT NULL,
    age INT NOT NULL,
    email VARCHAR(15) NOT NULL,
    password VARCHAR(255) NOT NULL
) ENGINE=InnoDB;

CREATE TABLE roles (
    role_id BIGINT NOT NULL AUTO_INCREMENT PRIMARY KEY,
    role VARCHAR(100) NOT NULL
)ENGINE=InnoDB;

CREATE TABLE user_roles (
    user_id BIGINT NOT NULL,
    role_id BIGINT NOT NULL,
    PRIMARY KEY (user_id, role_id),
    FOREIGN KEY (user_id) REFERENCES users(user_id),
    FOREIGN KEY (role_id) REFERENCES roles(role_id)
    -- UNIQUE (user_id, role_id)               -- уникальное значение

) ENGINE =InnoDB;

INSERT INTO users VALUES
(1, 'user', 'user', 20, 'user@user.com', 'user'),
(2, 'admin', 'admin', 25, 'admin@admin.com', 'admin'),
(3, 'test', 'test', 30,  'test@admin.com', 'test');

# INSERT INTO roles VALUES
# (1, 'ROLE_USER'),
# (2, 'ROLE_ADMIN');

INSERT INTO roles VALUES
(1, 'USER'),
(2, 'ADMIN');

INSERT INTO user_roles VALUES
(1, 1),
(2, 1),
(2, 2),
(3, 1),
(3, 2);



# INSERT INTO userst VALUES
#                        (1, 20, 'user@user.com', 'user', 'user', 'user'),
#                        (2, 25, 'admin@admin.com', 'admin', 'admin', 'admin'),
#                        (3, 30, 'test@admin.com', 'test', 'test', 'test');
#
# INSERT INTO rolest VALUES
#                        (1, 'USER'),
#                        (2, 'ADMIN');
#
# INSERT INTO user_rolest VALUES
#                             (1, 1),
#                             (2, 1),
#                             (2, 2),
#                             (3, 1),
#                             (3, 2);